{
    "version": "1.0.0-ultimate",
    "deployment_date": "2025-09-12T21:26:45Z",
    "build_id": "20250912_162645",
    "features": [
        "Texas-themed frontier biomes",
        "Advanced Blaze Intelligence analytics",
        "AI ecosystem with predator/prey dynamics",
        "Frontier resource economy",
        "Real-time performance monitoring",
        "Mobile-optimized controls",
        "Championship-grade visuals"
    ],
    "requirements": {
        "browser": "Modern browser with WebGL 2.0 support",
        "memory": "Minimum 4GB RAM recommended",
        "network": "Optional for analytics features"
    }
}
